income_statement_sort_helper,accounting_period_name,accounting_period_ending,account_category,account_name,account_type_name,balance
1,Jun 2023,2023-06-30 00:00:00.000000 UTC,Income,Income : Revenue,Income,1788002.81
1,Jul 2023,2023-07-31 00:00:00.000000 UTC,Income,Income : Revenue,Income,1252796.27
1,May 2023,2023-05-31 00:00:00.000000 UTC,Income,Income : Revenue,Income,1241444.02
1,Sep 2023,2023-09-30 00:00:00.000000 UTC,Income,Income : Revenue,Income,1413023.72
1,Oct 2023,2023-10-31 00:00:00.000000 UTC,Income,Income : Revenue,Income,1971026.14
1,Aug 2023,2023-08-31 00:00:00.000000 UTC,Income,Income : Revenue,Income,1312507.07
1,Oct 2023,2023-10-31 00:00:00.000000 UTC,Income,Income : Revenue,Income,86
1,Sep 2023,2023-09-30 00:00:00.000000 UTC,Income,Income : Revenue,Income,4
1,Jul 2023,2023-07-31 00:00:00.000000 UTC,Income,Income : Revenue,Income,47
1,May 2023,2023-05-31 00:00:00.000000 UTC,Income,Income : Revenue,Income,59
1,Jun 2023,2023-06-30 00:00:00.000000 UTC,Income,Income : Revenue,Income,54
1,Aug 2023,2023-08-31 00:00:00.000000 UTC,Income,Income : Revenue,Income,39
2,May 2023,2023-05-31 00:00:00.000000 UTC,Expense,Cost of Goods Sold : COGS Paper Printing,Cost of Goods Sold,-287319.3
2,Oct 2023,2023-10-31 00:00:00.000000 UTC,Expense,Cost of Goods Sold : COGS Paper Printing,Cost of Goods Sold,-241393.17
2,Jul 2023,2023-07-31 00:00:00.000000 UTC,Expense,Cost of Goods Sold : COGS Paper Printing,Cost of Goods Sold,-283351.25
2,Oct 2023,2023-10-31 00:00:00.000000 UTC,Expense,Cost of Goods Sold : COGS Paper,Cost of Goods Sold,-1155.55
2,Jun 2023,2023-06-30 00:00:00.000000 UTC,Expense,Cost of Goods Sold : COGS Paper,Cost of Goods Sold,-0.43
2,Aug 2023,2023-08-31 00:00:00.000000 UTC,Expense,Cost of Goods Sold : COGS Paper Printing,Cost of Goods Sold,-2144634.53
2,Sep 2023,2023-09-30 00:00:00.000000 UTC,Expense,Cost of Goods Sold : COGS Paper Printing,Cost of Goods Sold,-2178756.19
2,Jun 2023,2023-06-30 00:00:00.000000 UTC,Expense,Cost of Goods Sold : COGS Paper Printing,Cost of Goods Sold,-2114218.83
2,May 2023,2023-05-31 00:00:00.000000 UTC,Expense,Cost of Goods Sold : COGS Paper,Cost of Goods Sold,-21127.46
2,Sep 2023,2023-09-30 00:00:00.000000 UTC,Expense,Cost of Goods Sold : COGS Paper,Cost of Goods Sold,-21187.51
2,Jul 2023,2023-07-31 00:00:00.000000 UTC,Expense,Cost of Goods Sold : COGS Paper,Cost of Goods Sold,-21102.7
2,Aug 2023,2023-08-31 00:00:00.000000 UTC,Expense,Cost of Goods Sold : COGS Paper,Cost of Goods Sold,-2199
3,Sep 2023,2023-09-30 00:00:00.000000 UTC,Expense,Expense : General Expense,Expense,89
3,May 2023,2023-05-31 00:00:00.000000 UTC,Expense,Expense : General Expense,Expense,29
3,Jun 2023,2023-06-30 00:00:00.000000 UTC,Expense,Expense : General Expense,Expense,4
3,Aug 2023,2023-08-31 00:00:00.000000 UTC,Expense,Expense : General Expense,Expense,46
3,Jul 2023,2023-07-31 00:00:00.000000 UTC,Expense,Expense : General Expense,Expense,34
3,Oct 2023,2023-10-31 00:00:00.000000 UTC,Expense,Expense : General Expense,Expense,38
3,Oct 2023,2023-10-31 00:00:00.000000 UTC,Expense,Expense : Payroll,Expense,-1256766.45
3,May 2023,2023-05-31 00:00:00.000000 UTC,Expense,Expense : Payroll,Expense,-203299.16
3,Jun 2023,2023-06-30 00:00:00.000000 UTC,Expense,Expense : Payroll,Expense,-527020.77
3,Aug 2023,2023-08-31 00:00:00.000000 UTC,Expense,Expense : Payroll,Expense,-226993.72
3,Jul 2023,2023-07-31 00:00:00.000000 UTC,Expense,Expense : Payroll,Expense,-326115.55
3,Sep 2023,2023-09-30 00:00:00.000000 UTC,Expense,Expense : Payroll,Expense,-973614.69
3,Oct 2023,2023-10-31 00:00:00.000000 UTC,Expense,Expense : Payroll,Expense,-11150.42
3,Aug 2023,2023-08-31 00:00:00.000000 UTC,Expense,Expense : Payroll,Expense,-82805.89
3,Sep 2023,2023-09-30 00:00:00.000000 UTC,Expense,Expense : Payroll,Expense,-60611.17
3,May 2023,2023-05-31 00:00:00.000000 UTC,Expense,Expense : Payroll,Expense,-65879.26
3,Jun 2023,2023-06-30 00:00:00.000000 UTC,Expense,Expense : Payroll,Expense,-14806.99
3,Jul 2023,2023-07-31 00:00:00.000000 UTC,Expense,Expense : Payroll,Expense,-73500.91
3,Jul 2023,2023-07-31 00:00:00.000000 UTC,Expense,Expense : Payroll,Expense,-10217.8
3,May 2023,2023-05-31 00:00:00.000000 UTC,Expense,Expense : Payroll,Expense,-18967.37
3,Aug 2023,2023-08-31 00:00:00.000000 UTC,Expense,Expense : Payroll,Expense,-2679.5
3,May 2023,2023-05-31 00:00:00.000000 UTC,Expense,Expense : Payroll,Expense,-278.54
3,Sep 2023,2023-09-30 00:00:00.000000 UTC,Expense,Expense : Payroll,Expense,-156.4
3,Jun 2023,2023-06-30 00:00:00.000000 UTC,Expense,Expense : Payroll,Expense,-1988.38
3,Aug 2023,2023-08-31 00:00:00.000000 UTC,Expense,Expense : Payroll,Expense,93.76
3,Jul 2023,2023-07-31 00:00:00.000000 UTC,Expense,Expense : Payroll,Expense,-2165.78
3,Oct 2023,2023-10-31 00:00:00.000000 UTC,Expense,Expense : Payroll,Expense,-3325.87
3,Jul 2023,2023-07-31 00:00:00.000000 UTC,Expense,Expense : Payroll,Expense,-2978.56
3,Aug 2023,2023-08-31 00:00:00.000000 UTC,Expense,Expense : Paper Sales Commissions,Expense,-15208.55
3,Oct 2023,2023-10-31 00:00:00.000000 UTC,Expense,Expense : Paper Sales Commissions,Expense,-47670.14
3,May 2023,2023-05-31 00:00:00.000000 UTC,Expense,Expense : Paper Sales Commissions,Expense,-7535.18
3,Sep 2023,2023-09-30 00:00:00.000000 UTC,Expense,Expense : Paper Sales Commissions,Expense,-26551.47
3,Jun 2023,2023-06-30 00:00:00.000000 UTC,Expense,Expense : Paper Sales Commissions,Expense,-18174.66
3,Jul 2023,2023-07-31 00:00:00.000000 UTC,Expense,Expense : Paper Sales Commissions,Expense,-27163.38
3,May 2023,2023-05-31 00:00:00.000000 UTC,Expense,Expense : Paper Sales Commissions,Expense,-18939.37
3,Sep 2023,2023-09-30 00:00:00.000000 UTC,Expense,Expense : Paper Sales Commissions,Expense,-49765.2
3,Jun 2023,2023-06-30 00:00:00.000000 UTC,Expense,Expense : Paper Sales Commissions,Expense,-2717.77
3,Oct 2023,2023-10-31 00:00:00.000000 UTC,Expense,Expense : Paper Sales Commissions,Expense,-7761.75
3,Jul 2023,2023-07-31 00:00:00.000000 UTC,Expense,Expense : Paper Sales Commissions,Expense,-4532.1
3,Aug 2023,2023-08-31 00:00:00.000000 UTC,Expense,Expense : Paper Sales Commissions,Expense,-15705.63
3,Jul 2023,2023-07-31 00:00:00.000000 UTC,Expense,Expense : Bonus,Expense,-28.01
3,Jul 2023,2023-07-31 00:00:00.000000 UTC,Expense,Expense : Bonus,Expense,-10212.96
3,Jul 2023,2023-07-31 00:00:00.000000 UTC,Expense,Expense : Bonus,Expense,-2470.75
3,Aug 2023,2023-08-31 00:00:00.000000 UTC,Expense,Expense : Benefits,Expense,-4004.29
3,Oct 2023,2023-10-31 00:00:00.000000 UTC,Expense,Expense : Benefits,Expense,-47159.44
3,May 2023,2023-05-31 00:00:00.000000 UTC,Expense,Expense : Benefits,Expense,-25931.75
3,Sep 2023,2023-09-30 00:00:00.000000 UTC,Expense,Expense : Benefits,Expense,-26421.93
3,Jun 2023,2023-06-30 00:00:00.000000 UTC,Expense,Expense : Benefits,Expense,-27587.91
3,Jul 2023,2023-07-31 00:00:00.000000 UTC,Expense,Expense : Benefits,Expense,-48004.51
3,Oct 2023,2023-10-31 00:00:00.000000 UTC,Expense,Expense : Benefits,Expense,-5866.24
3,May 2023,2023-05-31 00:00:00.000000 UTC,Expense,Expense : Benefits,Expense,-766
3,Sep 2023,2023-09-30 00:00:00.000000 UTC,Expense,Expense : Benefits,Expense,-601.53
3,Jun 2023,2023-06-30 00:00:00.000000 UTC,Expense,Expense : Benefits,Expense,-3411.25
3,Jul 2023,2023-07-31 00:00:00.000000 UTC,Expense,Expense : Benefits,Expense,-1312.03
3,Aug 2023,2023-08-31 00:00:00.000000 UTC,Expense,Expense : Benefits,Expense,-470.99
3,Oct 2023,2023-10-31 00:00:00.000000 UTC,Expense,Expense : Benefits,Expense,-514.95
3,May 2023,2023-05-31 00:00:00.000000 UTC,Expense,Expense : Benefits,Expense,-259.63
3,Jun 2023,2023-06-30 00:00:00.000000 UTC,Expense,Expense : Benefits,Expense,-200.09
3,Jul 2023,2023-07-31 00:00:00.000000 UTC,Expense,Expense : Benefits,Expense,-62.54
3,Sep 2023,2023-09-30 00:00:00.000000 UTC,Expense,Expense : Benefits,Expense,-405.7
3,Aug 2023,2023-08-31 00:00:00.000000 UTC,Expense,Expense : Benefits,Expense,-210.59
3,Oct 2023,2023-10-31 00:00:00.000000 UTC,Expense,Expense : Benefits,Expense,-434.12
3,Sep 2023,2023-09-30 00:00:00.000000 UTC,Expense,Expense : Benefits,Expense,-261.23
3,May 2023,2023-05-31 00:00:00.000000 UTC,Expense,Expense : Benefits,Expense,-300.92
3,Jun 2023,2023-06-30 00:00:00.000000 UTC,Expense,Expense : Benefits,Expense,-259.45
3,Aug 2023,2023-08-31 00:00:00.000000 UTC,Expense,Expense : Benefits,Expense,-288.66
3,Jul 2023,2023-07-31 00:00:00.000000 UTC,Expense,Expense : Benefits,Expense,-18.28
3,May 2023,2023-05-31 00:00:00.000000 UTC,Expense,Expense : Benefits,Expense,-44.23
3,Sep 2023,2023-09-30 00:00:00.000000 UTC,Expense,Expense : Benefits,Expense,-69.69
3,Aug 2023,2023-08-31 00:00:00.000000 UTC,Expense,Expense : Benefits,Expense,-6.12
3,Jul 2023,2023-07-31 00:00:00.000000 UTC,Expense,Expense : Benefits,Expense,-114.76
3,Oct 2023,2023-10-31 00:00:00.000000 UTC,Expense,Expense : Benefits,Expense,-121.73
3,Aug 2023,2023-08-31 00:00:00.000000 UTC,Expense,Expense : Benefits,Expense,-33578.07
3,Oct 2023,2023-10-31 00:00:00.000000 UTC,Expense,Expense : Benefits,Expense,-11116.89
3,May 2023,2023-05-31 00:00:00.000000 UTC,Expense,Expense : Benefits,Expense,-4943.75
3,Sep 2023,2023-09-30 00:00:00.000000 UTC,Expense,Expense : Benefits,Expense,-20431
3,Jun 2023,2023-06-30 00:00:00.000000 UTC,Expense,Expense : Benefits,Expense,-20515.04
3,Jul 2023,2023-07-31 00:00:00.000000 UTC,Expense,Expense : Benefits,Expense,-12637.97
3,Jul 2023,2023-07-31 00:00:00.000000 UTC,Expense,Expense : Benefits,Expense,-23.78
3,Aug 2023,2023-08-31 00:00:00.000000 UTC,Expense,Expense : Benefits,Expense,-36.65
3,Oct 2023,2023-10-31 00:00:00.000000 UTC,Expense,Expense : Benefits,Expense,-675.17
3,Jun 2023,2023-06-30 00:00:00.000000 UTC,Expense,Expense : Benefits,Expense,-1342.45
3,May 2023,2023-05-31 00:00:00.000000 UTC,Expense,Expense : Benefits,Expense,-4649.75
3,Jul 2023,2023-07-31 00:00:00.000000 UTC,Expense,Expense : Benefits,Expense,-5187.06
3,Aug 2023,2023-08-31 00:00:00.000000 UTC,Expense,Expense : Benefits,Expense,-744.51
3,Sep 2023,2023-09-30 00:00:00.000000 UTC,Expense,Expense : Benefits,Expense,-3891.51
3,Sep 2023,2023-09-30 00:00:00.000000 UTC,Expense,Expense : Benefits,Expense,-43.33
3,Jun 2023,2023-06-30 00:00:00.000000 UTC,Expense,Expense : Benefits,Expense,-22.98
3,Aug 2023,2023-08-31 00:00:00.000000 UTC,Expense,Expense : Benefits,Expense,-24.4
3,Jul 2023,2023-07-31 00:00:00.000000 UTC,Expense,Expense : Benefits,Expense,-0.91
3,Oct 2023,2023-10-31 00:00:00.000000 UTC,Expense,Expense : Benefits,Expense,-45.23
3,Sep 2023,2023-09-30 00:00:00.000000 UTC,Expense,Expense : Benefits,Expense,-425.65
3,Jun 2023,2023-06-30 00:00:00.000000 UTC,Expense,Expense : Benefits,Expense,-1565.12
3,Jul 2023,2023-07-31 00:00:00.000000 UTC,Expense,Expense : Benefits,Expense,-317.56
3,Oct 2023,2023-10-31 00:00:00.000000 UTC,Expense,Expense : Benefits,Expense,-12.6
3,Jul 2023,2023-07-31 00:00:00.000000 UTC,Expense,Expense : Paper Sales Commissions,Expense,-26925.11
3,Oct 2023,2023-10-31 00:00:00.000000 UTC,Expense,Expense : Paper Sales Commissions,Expense,-1661144.59
3,May 2023,2023-05-31 00:00:00.000000 UTC,Expense,Expense : Warehouse Facilities,Expense,-1579.62
3,Sep 2023,2023-09-30 00:00:00.000000 UTC,Expense,Expense : Warehouse Facilities,Expense,-79041.87
3,Jun 2023,2023-06-30 00:00:00.000000 UTC,Expense,Expense : Warehouse Facilities,Expense,-31661.81
3,Aug 2023,2023-08-31 00:00:00.000000 UTC,Expense,Expense : Warehouse Facilities,Expense,-105588.74
3,Jul 2023,2023-07-31 00:00:00.000000 UTC,Expense,Expense : Warehouse Facilities,Expense,-82133.23
3,Oct 2023,2023-10-31 00:00:00.000000 UTC,Expense,Expense : Warehouse Facilities,Expense,-29695.52
3,May 2023,2023-05-31 00:00:00.000000 UTC,Expense,Expense : Warehouse Facilities,Expense,-12459.86
3,Sep 2023,2023-09-30 00:00:00.000000 UTC,Expense,Expense : Warehouse Facilities,Expense,-8537.57
3,Jun 2023,2023-06-30 00:00:00.000000 UTC,Expense,Expense : Warehouse Facilities,Expense,-1300.88
3,Aug 2023,2023-08-31 00:00:00.000000 UTC,Expense,Expense : Warehouse Facilities,Expense,-7620.28
3,Jul 2023,2023-07-31 00:00:00.000000 UTC,Expense,Expense : Warehouse Facilities,Expense,-6589.93
3,Oct 2023,2023-10-31 00:00:00.000000 UTC,Expense,Expense : Warehouse Facilities,Expense,-9836
3,May 2023,2023-05-31 00:00:00.000000 UTC,Expense,Expense : Warehouse Facilities,Expense,-527.75
3,Jun 2023,2023-06-30 00:00:00.000000 UTC,Expense,Expense : Warehouse Facilities,Expense,-1158.22
3,Aug 2023,2023-08-31 00:00:00.000000 UTC,Expense,Expense : Warehouse Facilities,Expense,-105.83
3,May 2023,2023-05-31 00:00:00.000000 UTC,Expense,Expense : Warehouse Facilities,Expense,-5.23
3,Sep 2023,2023-09-30 00:00:00.000000 UTC,Expense,Expense : Warehouse Facilities,Expense,-2201.88
3,Jun 2023,2023-06-30 00:00:00.000000 UTC,Expense,Expense : Warehouse Facilities,Expense,-211.57
3,Aug 2023,2023-08-31 00:00:00.000000 UTC,Expense,Expense : Warehouse Facilities,Expense,-1670.5
3,Oct 2023,2023-10-31 00:00:00.000000 UTC,Expense,Expense : Warehouse Facilities,Expense,-441.68
3,May 2023,2023-05-31 00:00:00.000000 UTC,Expense,Expense : Warehouse Facilities,Expense,-20947.88
3,Sep 2023,2023-09-30 00:00:00.000000 UTC,Expense,Expense : Warehouse Facilities,Expense,-1176.71
3,Jun 2023,2023-06-30 00:00:00.000000 UTC,Expense,Expense : Warehouse Facilities,Expense,-279.94
3,Aug 2023,2023-08-31 00:00:00.000000 UTC,Expense,Expense : Warehouse Facilities,Expense,-2405.65
3,Jul 2023,2023-07-31 00:00:00.000000 UTC,Expense,Expense : Warehouse Facilities,Expense,-3578
3,Oct 2023,2023-10-31 00:00:00.000000 UTC,Expense,Expense : Warehouse Facilities,Expense,-216.59
3,May 2023,2023-05-31 00:00:00.000000 UTC,Expense,Expense : Office Expenses,Expense,-13115.66
3,Sep 2023,2023-09-30 00:00:00.000000 UTC,Expense,Expense : Office Expenses,Expense,-591.58
3,Jun 2023,2023-06-30 00:00:00.000000 UTC,Expense,Expense : Office Expenses,Expense,-2529.48
3,Aug 2023,2023-08-31 00:00:00.000000 UTC,Expense,Expense : Office Expenses,Expense,-2847.28
3,Jul 2023,2023-07-31 00:00:00.000000 UTC,Expense,Expense : Office Expenses,Expense,-6374.82
3,Oct 2023,2023-10-31 00:00:00.000000 UTC,Expense,Expense : Office Expenses,Expense,-200.74
3,May 2023,2023-05-31 00:00:00.000000 UTC,Expense,Expense : Office Expenses,Expense,-149.82
3,Sep 2023,2023-09-30 00:00:00.000000 UTC,Expense,Expense : Office Expenses,Expense,-137.1
3,Jun 2023,2023-06-30 00:00:00.000000 UTC,Expense,Expense : Office Expenses,Expense,-18.56
3,Jul 2023,2023-07-31 00:00:00.000000 UTC,Expense,Expense : Office Expenses,Expense,-26.65
3,Aug 2023,2023-08-31 00:00:00.000000 UTC,Expense,Expense : Office Expenses,Expense,-135.42
3,Oct 2023,2023-10-31 00:00:00.000000 UTC,Expense,Expense : Office Expenses,Expense,-21.49
3,Jun 2023,2023-06-30 00:00:00.000000 UTC,Expense,Expense : Office Expenses,Expense,-2487.52
3,Aug 2023,2023-08-31 00:00:00.000000 UTC,Expense,Expense : Office Expenses,Expense,-1366.61
3,Sep 2023,2023-09-30 00:00:00.000000 UTC,Expense,Expense : Office Expenses,Expense,-2410.3
3,Jul 2023,2023-07-31 00:00:00.000000 UTC,Expense,Expense : Office Expenses,Expense,-1376.07
3,Oct 2023,2023-10-31 00:00:00.000000 UTC,Expense,Expense : Office Expenses,Expense,-155.59
3,Sep 2023,2023-09-30 00:00:00.000000 UTC,Expense,Expense : IT,Expense,-389.05
3,May 2023,2023-05-31 00:00:00.000000 UTC,Expense,Expense : IT,Expense,-793.18
3,Jun 2023,2023-06-30 00:00:00.000000 UTC,Expense,Expense : IT,Expense,-1868.44
3,Aug 2023,2023-08-31 00:00:00.000000 UTC,Expense,Expense : IT,Expense,-517
3,Jul 2023,2023-07-31 00:00:00.000000 UTC,Expense,Expense : IT,Expense,-3045.44
3,Oct 2023,2023-10-31 00:00:00.000000 UTC,Expense,Expense : IT,Expense,-1400.63
3,May 2023,2023-05-31 00:00:00.000000 UTC,Expense,Expense : IT,Expense,-59969.94
3,Sep 2023,2023-09-30 00:00:00.000000 UTC,Expense,Expense : IT,Expense,-112648.97
3,Jun 2023,2023-06-30 00:00:00.000000 UTC,Expense,Expense : IT,Expense,-32086.58
3,Oct 2023,2023-10-31 00:00:00.000000 UTC,Expense,Expense : IT,Expense,-6807.8
3,Aug 2023,2023-08-31 00:00:00.000000 UTC,Expense,Expense : IT,Expense,-87242.16
3,Jul 2023,2023-07-31 00:00:00.000000 UTC,Expense,Expense : IT,Expense,-112887.65
3,Aug 2023,2023-08-31 00:00:00.000000 UTC,Expense,Expense : IT,Expense,-55494.72
3,May 2023,2023-05-31 00:00:00.000000 UTC,Expense,Expense : IT,Expense,-57404.51
3,Sep 2023,2023-09-30 00:00:00.000000 UTC,Expense,Expense : IT,Expense,-36800.59
3,Jun 2023,2023-06-30 00:00:00.000000 UTC,Expense,Expense : IT,Expense,-40560.02
3,Jul 2023,2023-07-31 00:00:00.000000 UTC,Expense,Expense : IT,Expense,-4163.57
3,Oct 2023,2023-10-31 00:00:00.000000 UTC,Expense,Expense : IT,Expense,-31035.32
3,Oct 2023,2023-10-31 00:00:00.000000 UTC,Expense,Expense : IT,Expense,-1091.31
3,May 2023,2023-05-31 00:00:00.000000 UTC,Expense,Expense : IT,Expense,-1783.9
3,Sep 2023,2023-09-30 00:00:00.000000 UTC,Expense,Expense : IT,Expense,-3361.56
3,Jun 2023,2023-06-30 00:00:00.000000 UTC,Expense,Expense : IT,Expense,-1173.33
3,Jul 2023,2023-07-31 00:00:00.000000 UTC,Expense,Expense : IT,Expense,-2530.66
3,Aug 2023,2023-08-31 00:00:00.000000 UTC,Expense,Expense : IT,Expense,-351.69
3,Sep 2023,2023-09-30 00:00:00.000000 UTC,Expense,Expense : IT,Expense,-1753.34
3,Jul 2023,2023-07-31 00:00:00.000000 UTC,Expense,Expense : IT,Expense,-16761.53
3,Aug 2023,2023-08-31 00:00:00.000000 UTC,Expense,Expense : IT,Expense,-16110.27
3,Jul 2023,2023-07-31 00:00:00.000000 UTC,Expense,Expense : IT,Expense,-1306.49
3,Jun 2023,2023-06-30 00:00:00.000000 UTC,Expense,Expense : IT,Expense,-6177.74
3,May 2023,2023-05-31 00:00:00.000000 UTC,Expense,Expense : IT,Expense,-1207.28
3,Sep 2023,2023-09-30 00:00:00.000000 UTC,Expense,Expense : IT,Expense,-296.8
3,Jun 2023,2023-06-30 00:00:00.000000 UTC,Expense,Expense : IT,Expense,-7024.06
3,Jul 2023,2023-07-31 00:00:00.000000 UTC,Expense,Expense : IT,Expense,-22437.09
3,Aug 2023,2023-08-31 00:00:00.000000 UTC,Expense,Expense : IT,Expense,-282.49
3,Oct 2023,2023-10-31 00:00:00.000000 UTC,Expense,Expense : IT,Expense,-1394.85
3,Aug 2023,2023-08-31 00:00:00.000000 UTC,Expense,Expense : Marketing,Expense,-2798.32
3,May 2023,2023-05-31 00:00:00.000000 UTC,Expense,Expense : Marketing,Expense,-779.56
3,Oct 2023,2023-10-31 00:00:00.000000 UTC,Expense,Expense : Marketing,Expense,-16347.82
3,Jun 2023,2023-06-30 00:00:00.000000 UTC,Expense,Expense : Marketing,Expense,-4283.67
3,Sep 2023,2023-09-30 00:00:00.000000 UTC,Expense,Expense : Marketing,Expense,-29821.1
3,Jul 2023,2023-07-31 00:00:00.000000 UTC,Expense,Expense : Marketing,Expense,-9971.27
3,Jun 2023,2023-06-30 00:00:00.000000 UTC,Expense,Expense : Marketing,Expense,-15336.2
3,Aug 2023,2023-08-31 00:00:00.000000 UTC,Expense,Expense : Marketing,Expense,-6385.02
3,Oct 2023,2023-10-31 00:00:00.000000 UTC,Expense,Expense : Marketing,Expense,-2764.46
3,May 2023,2023-05-31 00:00:00.000000 UTC,Expense,Expense : Marketing,Expense,-11786.62
3,Sep 2023,2023-09-30 00:00:00.000000 UTC,Expense,Expense : Marketing,Expense,-6278.12
3,Aug 2023,2023-08-31 00:00:00.000000 UTC,Expense,Expense : Marketing,Expense,-14704.37
3,Jun 2023,2023-06-30 00:00:00.000000 UTC,Expense,Expense : Paper Partnerships,Expense,-619.76
3,Jul 2023,2023-07-31 00:00:00.000000 UTC,Expense,Expense : Paper Partnerships,Expense,-166.55
3,Aug 2023,2023-08-31 00:00:00.000000 UTC,Expense,Expense : Paper Partnerships,Expense,-779.74
3,Oct 2023,2023-10-31 00:00:00.000000 UTC,Expense,Expense : Paper Partnerships,Expense,-1482.21
3,Sep 2023,2023-09-30 00:00:00.000000 UTC,Expense,Expense : Paper Partnerships,Expense,-733.26
3,Aug 2023,2023-08-31 00:00:00.000000 UTC,Expense,Expense : Paper Partnerships,Expense,-151.22
3,Jul 2023,2023-07-31 00:00:00.000000 UTC,Expense,Expense : Paper Partnerships,Expense,-2337.48
3,May 2023,2023-05-31 00:00:00.000000 UTC,Expense,Expense : Promotions,Expense,-1455.8
3,Sep 2023,2023-09-30 00:00:00.000000 UTC,Expense,Expense : Promotions,Expense,-5765.87
3,Aug 2023,2023-08-31 00:00:00.000000 UTC,Expense,Expense : Promotions,Expense,-4028.99
3,Jul 2023,2023-07-31 00:00:00.000000 UTC,Expense,Expense : Promotions,Expense,-2503.84
3,Oct 2023,2023-10-31 00:00:00.000000 UTC,Expense,Expense : Promotions,Expense,-946.08
3,Sep 2023,2023-09-30 00:00:00.000000 UTC,Expense,Expense : Promotions,Expense,-23380.32
3,May 2023,2023-05-31 00:00:00.000000 UTC,Expense,Expense : Promotions,Expense,-5110.08
3,Jul 2023,2023-07-31 00:00:00.000000 UTC,Expense,Expense : Promotions,Expense,-25070.68
3,Jun 2023,2023-06-30 00:00:00.000000 UTC,Expense,Expense : Promotions,Expense,-39068.8
3,Aug 2023,2023-08-31 00:00:00.000000 UTC,Expense,Expense : Promotions,Expense,-32719.86
3,Oct 2023,2023-10-31 00:00:00.000000 UTC,Expense,Expense : Promotions,Expense,-29182.82
3,Aug 2023,2023-08-31 00:00:00.000000 UTC,Expense,Expense : Promotions,Expense,-8689.86
3,May 2023,2023-05-31 00:00:00.000000 UTC,Expense,Expense : Promotions,Expense,-3047.35
3,Sep 2023,2023-09-30 00:00:00.000000 UTC,Expense,Expense : Promotions,Expense,-4332.43
3,Oct 2023,2023-10-31 00:00:00.000000 UTC,Expense,Expense : Promotions,Expense,-9556
3,Jun 2023,2023-06-30 00:00:00.000000 UTC,Expense,Expense : Promotions,Expense,-2587.29
3,Jul 2023,2023-07-31 00:00:00.000000 UTC,Expense,Expense : Promotions,Expense,-2388.67
3,Sep 2023,2023-09-30 00:00:00.000000 UTC,Expense,Expense : Promotions,Expense,-510.96
3,May 2023,2023-05-31 00:00:00.000000 UTC,Expense,Expense : Promotions,Expense,-1948.87
3,Jul 2023,2023-07-31 00:00:00.000000 UTC,Expense,Expense : Promotions,Expense,-1341.14
3,Jun 2023,2023-06-30 00:00:00.000000 UTC,Expense,Expense : Promotions,Expense,-3038.75
3,Aug 2023,2023-08-31 00:00:00.000000 UTC,Expense,Expense : Promotions,Expense,-1759.18
3,Oct 2023,2023-10-31 00:00:00.000000 UTC,Expense,Expense : Promotions,Expense,-6839.94
3,Oct 2023,2023-10-31 00:00:00.000000 UTC,Expense,Expense : Dunder Mifflin Infinity,Expense,-173.07
3,May 2023,2023-05-31 00:00:00.000000 UTC,Expense,Expense : Finance,Expense,-1598.48
3,Jul 2023,2023-07-31 00:00:00.000000 UTC,Expense,Expense : Finance,Expense,-3347.95
3,Sep 2023,2023-09-30 00:00:00.000000 UTC,Expense,Expense : Finance,Expense,-777.49
3,Aug 2023,2023-08-31 00:00:00.000000 UTC,Expense,Expense : Finance,Expense,-10916.7
3,Aug 2023,2023-08-31 00:00:00.000000 UTC,Expense,Expense : Finance,Expense,-2055.94
3,May 2023,2023-05-31 00:00:00.000000 UTC,Expense,Expense : Finance,Expense,-1585.76
3,Jun 2023,2023-06-30 00:00:00.000000 UTC,Expense,Expense : Finance,Expense,-167.09
3,Oct 2023,2023-10-31 00:00:00.000000 UTC,Expense,Expense : Finance,Expense,-4801.19
3,Jul 2023,2023-07-31 00:00:00.000000 UTC,Expense,Expense : Finance,Expense,-1727.43
3,Jul 2023,2023-07-31 00:00:00.000000 UTC,Expense,Expense : Finance,Expense,-1837.5
3,Jun 2023,2023-06-30 00:00:00.000000 UTC,Expense,Expense : Finance,Expense,-498.51
3,Sep 2023,2023-09-30 00:00:00.000000 UTC,Expense,Expense : Finance,Expense,-1906.37
3,Aug 2023,2023-08-31 00:00:00.000000 UTC,Expense,Expense : Finance,Expense,-15263.29
3,May 2023,2023-05-31 00:00:00.000000 UTC,Expense,Expense : Legal,Expense,-17995.13
3,Sep 2023,2023-09-30 00:00:00.000000 UTC,Expense,Expense : Legal,Expense,-15640.5
3,Jun 2023,2023-06-30 00:00:00.000000 UTC,Expense,Expense : Legal,Expense,-18928.17
3,Aug 2023,2023-08-31 00:00:00.000000 UTC,Expense,Expense : Legal,Expense,-1364.76
3,Jul 2023,2023-07-31 00:00:00.000000 UTC,Expense,Expense : Legal,Expense,-2470.51
3,Jul 2023,2023-07-31 00:00:00.000000 UTC,Expense,Expense : Legal,Expense,417.96
3,Jun 2023,2023-06-30 00:00:00.000000 UTC,Expense,Expense : Legal,Expense,-566.89
3,Jul 2023,2023-07-31 00:00:00.000000 UTC,Expense,Expense : Legal,Expense,-352.65
3,May 2023,2023-05-31 00:00:00.000000 UTC,Expense,Expense : People Operations,Expense,-5685.62
3,Sep 2023,2023-09-30 00:00:00.000000 UTC,Expense,Expense : People Operations,Expense,-9719.12
3,Jun 2023,2023-06-30 00:00:00.000000 UTC,Expense,Expense : People Operations,Expense,-6217.25
3,Jul 2023,2023-07-31 00:00:00.000000 UTC,Expense,Expense : People Operations,Expense,-9702.76
3,Oct 2023,2023-10-31 00:00:00.000000 UTC,Expense,Expense : People Operations,Expense,-7171.33
3,Aug 2023,2023-08-31 00:00:00.000000 UTC,Expense,Expense : People Operations,Expense,-5982.33
3,May 2023,2023-05-31 00:00:00.000000 UTC,Expense,Expense : People Operations,Expense,-119.54
3,Sep 2023,2023-09-30 00:00:00.000000 UTC,Expense,Expense : People Operations,Expense,-996.41
3,Jun 2023,2023-06-30 00:00:00.000000 UTC,Expense,Expense : People Operations,Expense,-100.41
3,Aug 2023,2023-08-31 00:00:00.000000 UTC,Expense,Expense : People Operations,Expense,-866.35
3,Jul 2023,2023-07-31 00:00:00.000000 UTC,Expense,Expense : People Operations,Expense,-443.04
3,Oct 2023,2023-10-31 00:00:00.000000 UTC,Expense,Expense : People Operations,Expense,-1270.17
3,Jun 2023,2023-06-30 00:00:00.000000 UTC,Expense,Expense : People Operations,Expense,-1323.96
3,Aug 2023,2023-08-31 00:00:00.000000 UTC,Expense,Expense : People Operations,Expense,6615.66
3,Oct 2023,2023-10-31 00:00:00.000000 UTC,Expense,Expense : People Operations,Expense,-571.19
3,Aug 2023,2023-08-31 00:00:00.000000 UTC,Expense,Expense : Recruiting,Expense,-115.41
3,May 2023,2023-05-31 00:00:00.000000 UTC,Expense,Expense : Recruiting,Expense,-34202.1
3,Aug 2023,2023-08-31 00:00:00.000000 UTC,Expense,Expense : Recruiting,Expense,-14080.27
3,Jun 2023,2023-06-30 00:00:00.000000 UTC,Expense,Expense : Recruiting,Expense,-233.21
3,Jul 2023,2023-07-31 00:00:00.000000 UTC,Expense,Expense : Recruiting,Expense,-577.59
3,Aug 2023,2023-08-31 00:00:00.000000 UTC,Expense,Expense : Recruiting,Expense,-204.14
3,Oct 2023,2023-10-31 00:00:00.000000 UTC,Expense,Expense : Recruiting,Expense,-584.42
3,Aug 2023,2023-08-31 00:00:00.000000 UTC,Expense,Expense : Recruiting,Expense,-1084.28
3,Sep 2023,2023-09-30 00:00:00.000000 UTC,Expense,Expense : Recruiting,Expense,-2332.95
3,Jul 2023,2023-07-31 00:00:00.000000 UTC,Expense,Expense : Recruiting,Expense,-9051.21
3,May 2023,2023-05-31 00:00:00.000000 UTC,Expense,Expense : Threat Level Midnight Production,Expense,-747.51
3,Sep 2023,2023-09-30 00:00:00.000000 UTC,Expense,Expense : Threat Level Midnight Production,Expense,-17565
3,Oct 2023,2023-10-31 00:00:00.000000 UTC,Expense,Expense : Threat Level Midnight Production,Expense,-17682.09
3,Jun 2023,2023-06-30 00:00:00.000000 UTC,Expense,Expense : Threat Level Midnight Production,Expense,-12015.82
3,Aug 2023,2023-08-31 00:00:00.000000 UTC,Expense,Expense : Threat Level Midnight Production,Expense,-52638.08
3,Jul 2023,2023-07-31 00:00:00.000000 UTC,Expense,Expense : Threat Level Midnight Production,Expense,-54353.55
3,Sep 2023,2023-09-30 00:00:00.000000 UTC,Expense,Expense : Threat Level Midnight Production,Expense,-16.09
3,Jun 2023,2023-06-30 00:00:00.000000 UTC,Expense,Expense : Threat Level Midnight Production,Expense,-124.87
3,Aug 2023,2023-08-31 00:00:00.000000 UTC,Expense,Expense : Threat Level Midnight Production,Expense,-174.89
3,Oct 2023,2023-10-31 00:00:00.000000 UTC,Expense,Expense : Threat Level Midnight Production,Expense,-85.24
3,May 2023,2023-05-31 00:00:00.000000 UTC,Expense,Expense : Travel and Entertainment,Expense,-3231.62
3,Sep 2023,2023-09-30 00:00:00.000000 UTC,Expense,Expense : Travel and Entertainment,Expense,-314.32
3,Jun 2023,2023-06-30 00:00:00.000000 UTC,Expense,Expense : Travel and Entertainment,Expense,-109.92
3,Aug 2023,2023-08-31 00:00:00.000000 UTC,Expense,Expense : Travel and Entertainment,Expense,-148.95
3,Jul 2023,2023-07-31 00:00:00.000000 UTC,Expense,Expense : Travel and Entertainment,Expense,-167.31
3,Oct 2023,2023-10-31 00:00:00.000000 UTC,Expense,Expense : Travel and Entertainment,Expense,-867.87
3,Jul 2023,2023-07-31 00:00:00.000000 UTC,Expense,Expense : Travel and Entertainment,Expense,-4035.57
3,May 2023,2023-05-31 00:00:00.000000 UTC,Expense,Expense : Travel and Entertainment,Expense,-31230.62
3,Sep 2023,2023-09-30 00:00:00.000000 UTC,Expense,Expense : Travel and Entertainment,Expense,-14608.43
3,Oct 2023,2023-10-31 00:00:00.000000 UTC,Expense,Expense : Travel and Entertainment,Expense,-18053.83
3,Jun 2023,2023-06-30 00:00:00.000000 UTC,Expense,Expense : Travel and Entertainment,Expense,-31280.27
3,Aug 2023,2023-08-31 00:00:00.000000 UTC,Expense,Expense : Travel and Entertainment,Expense,-12351.41
3,May 2023,2023-05-31 00:00:00.000000 UTC,Expense,Expense : Travel and Entertainment,Expense,-4271.34
3,Jul 2023,2023-07-31 00:00:00.000000 UTC,Expense,Expense : Travel and Entertainment,Expense,-698.37
3,Sep 2023,2023-09-30 00:00:00.000000 UTC,Expense,Expense : Travel and Entertainment,Expense,-603.42
3,Oct 2023,2023-10-31 00:00:00.000000 UTC,Expense,Expense : Travel and Entertainment,Expense,-4563.84
3,Jun 2023,2023-06-30 00:00:00.000000 UTC,Expense,Expense : Travel and Entertainment,Expense,-2099.23
3,Aug 2023,2023-08-31 00:00:00.000000 UTC,Expense,Expense : Travel and Entertainment,Expense,-3750.14
3,May 2023,2023-05-31 00:00:00.000000 UTC,Expense,Expense : Travel and Entertainment,Expense,-3678.13
3,Sep 2023,2023-09-30 00:00:00.000000 UTC,Expense,Expense : Travel and Entertainment,Expense,-2900.06
3,Jul 2023,2023-07-31 00:00:00.000000 UTC,Expense,Expense : Travel and Entertainment,Expense,-320.92
3,Aug 2023,2023-08-31 00:00:00.000000 UTC,Expense,Expense : Travel and Entertainment,Expense,-5688.78
3,Oct 2023,2023-10-31 00:00:00.000000 UTC,Expense,Expense : Travel and Entertainment,Expense,-4890.87
3,Jun 2023,2023-06-30 00:00:00.000000 UTC,Expense,Expense : Travel and Entertainment,Expense,-5355.94
3,Sep 2023,2023-09-30 00:00:00.000000 UTC,Expense,Expense : Travel and Entertainment,Expense,-15463.17
3,May 2023,2023-05-31 00:00:00.000000 UTC,Expense,Expense : Travel and Entertainment,Expense,-2510.06
3,Jun 2023,2023-06-30 00:00:00.000000 UTC,Expense,Expense : Travel and Entertainment,Expense,-3104.53
3,Aug 2023,2023-08-31 00:00:00.000000 UTC,Expense,Expense : Travel and Entertainment,Expense,-22206.79
3,Jul 2023,2023-07-31 00:00:00.000000 UTC,Expense,Expense : Travel and Entertainment,Expense,-12077.56
3,Oct 2023,2023-10-31 00:00:00.000000 UTC,Expense,Expense : Travel and Entertainment,Expense,-10456.26
3,May 2023,2023-05-31 00:00:00.000000 UTC,Expense,Expense : Travel and Entertainment,Expense,-1893.12
3,Jul 2023,2023-07-31 00:00:00.000000 UTC,Expense,Expense : Travel and Entertainment,Expense,-767.06
3,Sep 2023,2023-09-30 00:00:00.000000 UTC,Expense,Expense : Travel and Entertainment,Expense,-2529.51
3,Jun 2023,2023-06-30 00:00:00.000000 UTC,Expense,Expense : Travel and Entertainment,Expense,-1683.64
3,Aug 2023,2023-08-31 00:00:00.000000 UTC,Expense,Expense : Travel and Entertainment,Expense,-1840.92
3,Oct 2023,2023-10-31 00:00:00.000000 UTC,Expense,Expense : Travel and Entertainment,Expense,-10859.63
3,Sep 2023,2023-09-30 00:00:00.000000 UTC,Expense,Expense : Travel and Entertainment,Expense,-748.42
3,Aug 2023,2023-08-31 00:00:00.000000 UTC,Expense,Expense : Travel and Entertainment,Expense,-205.43
3,May 2023,2023-05-31 00:00:00.000000 UTC,Expense,Expense : Travel and Entertainment,Expense,-624.45
3,Oct 2023,2023-10-31 00:00:00.000000 UTC,Expense,Expense : Travel and Entertainment,Expense,-489.33
3,Jul 2023,2023-07-31 00:00:00.000000 UTC,Expense,Expense : Travel and Entertainment,Expense,-1250.66
3,Sep 2023,2023-09-30 00:00:00.000000 UTC,Expense,Expense : Depreciation and Amortization,Expense,-3253.75
3,Aug 2023,2023-08-31 00:00:00.000000 UTC,Expense,Expense : Depreciation and Amortization,Expense,-4331.94
3,Oct 2023,2023-10-31 00:00:00.000000 UTC,Expense,Expense : Depreciation and Amortization,Expense,-1629.05
3,May 2023,2023-05-31 00:00:00.000000 UTC,Expense,Expense : Jim's Pranks,Expense,-4772.81
3,May 2023,2023-05-31 00:00:00.000000 UTC,Expense,Expense : Intercompany Expenses,Expense,1
3,Jul 2023,2023-07-31 00:00:00.000000 UTC,Expense,Expense : Intercompany Expenses,Expense,30
3,Sep 2023,2023-09-30 00:00:00.000000 UTC,Expense,Expense : Bonus,Expense,-395.6
3,May 2023,2023-05-31 00:00:00.000000 UTC,Expense,Expense : Bonus,Expense,-770.96
3,Jun 2023,2023-06-30 00:00:00.000000 UTC,Expense,Expense : Benefits,Expense,-76.79
3,May 2023,2023-05-31 00:00:00.000000 UTC,Expense,Expense : Benefits,Expense,-32.18
3,Jun 2023,2023-06-30 00:00:00.000000 UTC,Expense,Expense : Benefits,Expense,-90.47
3,May 2023,2023-05-31 00:00:00.000000 UTC,Expense,Expense : Benefits,Expense,-19.44
3,Sep 2023,2023-09-30 00:00:00.000000 UTC,Expense,Expense : Warehouse Facilities,Expense,-583.09
3,Oct 2023,2023-10-31 00:00:00.000000 UTC,Expense,Expense : Warehouse Facilities,Expense,-1016.8
3,Jul 2023,2023-07-31 00:00:00.000000 UTC,Expense,Expense : Warehouse Facilities,Expense,-258.57
3,Sep 2023,2023-09-30 00:00:00.000000 UTC,Expense,Expense : Office Expenses,Expense,-1679.77
3,Jun 2023,2023-06-30 00:00:00.000000 UTC,Expense,Expense : Office Expenses,Expense,-73.57
3,Jun 2023,2023-06-30 00:00:00.000000 UTC,Expense,Expense : Office Expenses,Expense,-375.6
3,Oct 2023,2023-10-31 00:00:00.000000 UTC,Expense,Expense : IT,Expense,-1792.23
3,Jun 2023,2023-06-30 00:00:00.000000 UTC,Expense,Expense : IT,Expense,-15809.17
3,Oct 2023,2023-10-31 00:00:00.000000 UTC,Expense,Expense : IT,Expense,-19460.99
3,Oct 2023,2023-10-31 00:00:00.000000 UTC,Expense,Expense : Marketing,Expense,-4399.43
3,Jul 2023,2023-07-31 00:00:00.000000 UTC,Expense,Expense : Marketing,Expense,-11407.48
3,May 2023,2023-05-31 00:00:00.000000 UTC,Expense,Expense : Marketing,Expense,-42001.87
3,Oct 2023,2023-10-31 00:00:00.000000 UTC,Expense,Expense : Marketing,Expense,-8584.21
3,Jun 2023,2023-06-30 00:00:00.000000 UTC,Expense,Expense : Marketing,Expense,-15911.04
3,May 2023,2023-05-31 00:00:00.000000 UTC,Expense,Expense : Paper Partnerships,Expense,-361.92
3,Jun 2023,2023-06-30 00:00:00.000000 UTC,Expense,Expense : Finance,Expense,-984.01
3,Jul 2023,2023-07-31 00:00:00.000000 UTC,Expense,Expense : Finance,Expense,-341.52
3,Sep 2023,2023-09-30 00:00:00.000000 UTC,Expense,Expense : Finance,Expense,-72.79
3,May 2023,2023-05-31 00:00:00.000000 UTC,Expense,Expense : Finance,Expense,-200.23
3,Aug 2023,2023-08-31 00:00:00.000000 UTC,Expense,Expense : Finance,Expense,-1344.31
3,Oct 2023,2023-10-31 00:00:00.000000 UTC,Expense,Expense : Finance,Expense,-444.48
3,Oct 2023,2023-10-31 00:00:00.000000 UTC,Expense,Expense : Finance,Expense,2801.37
3,Aug 2023,2023-08-31 00:00:00.000000 UTC,Expense,Expense : Legal,Expense,-5712.48
3,May 2023,2023-05-31 00:00:00.000000 UTC,Expense,Expense : Legal,Expense,-5133.65
3,Jul 2023,2023-07-31 00:00:00.000000 UTC,Expense,Expense : Legal,Expense,-5161.67
3,Oct 2023,2023-10-31 00:00:00.000000 UTC,Expense,Expense : Legal,Expense,-18497.44
3,Aug 2023,2023-08-31 00:00:00.000000 UTC,Expense,Expense : Legal,Expense,652.12
3,Jun 2023,2023-06-30 00:00:00.000000 UTC,Expense,Expense : Legal,Expense,1037.56
3,May 2023,2023-05-31 00:00:00.000000 UTC,Expense,Expense : Legal,Expense,-995.93
3,Sep 2023,2023-09-30 00:00:00.000000 UTC,Expense,Expense : Legal,Expense,-1079.68
3,Aug 2023,2023-08-31 00:00:00.000000 UTC,Expense,Expense : Legal,Expense,-1417.92
3,Aug 2023,2023-08-31 00:00:00.000000 UTC,Expense,Expense : Legal,Expense,-1172.86
3,Oct 2023,2023-10-31 00:00:00.000000 UTC,Expense,Expense : Recruiting,Expense,-1295.16
3,Sep 2023,2023-09-30 00:00:00.000000 UTC,Expense,Expense : Recruiting,Expense,-335.23
3,May 2023,2023-05-31 00:00:00.000000 UTC,Expense,Expense : Recruiting,Expense,-3234.53
3,Jun 2023,2023-06-30 00:00:00.000000 UTC,Expense,Expense : Recruiting,Expense,-2427.06
3,May 2023,2023-05-31 00:00:00.000000 UTC,Expense,Expense : Threat Level Midnight Production,Expense,-64.79
3,Jul 2023,2023-07-31 00:00:00.000000 UTC,Expense,Expense : Threat Level Midnight Production,Expense,-137.54
3,Oct 2023,2023-10-31 00:00:00.000000 UTC,Expense,Expense : Threat Level Midnight Production,Expense,-13111.22
3,Jul 2023,2023-07-31 00:00:00.000000 UTC,Expense,Expense : Depreciation and Amortization,Expense,-1942.16
3,Jun 2023,2023-06-30 00:00:00.000000 UTC,Expense,Expense : Jim's Pranks,Expense,-275.33
3,Aug 2023,2023-08-31 00:00:00.000000 UTC,Expense,Expense : Jim's Pranks,Expense,-2088.4
3,Oct 2023,2023-10-31 00:00:00.000000 UTC,Expense,Expense : Benefits,Expense,-97.54
3,Jul 2023,2023-07-31 00:00:00.000000 UTC,Expense,Expense : Paper Sales Commissions,Expense,-1477.82
3,Oct 2023,2023-10-31 00:00:00.000000 UTC,Expense,Expense : Paper Sales Commissions,Expense,-1034.92
3,Sep 2023,2023-09-30 00:00:00.000000 UTC,Expense,Expense : Office Expenses,Expense,-43.16
3,Aug 2023,2023-08-31 00:00:00.000000 UTC,Expense,Expense : IT,Expense,-4860.51
3,May 2023,2023-05-31 00:00:00.000000 UTC,Expense,Expense : IT,Expense,-2430.06
3,Sep 2023,2023-09-30 00:00:00.000000 UTC,Expense,Expense : IT,Expense,-9979.34
3,Aug 2023,2023-08-31 00:00:00.000000 UTC,Expense,Expense : IT,Expense,-8831.77
3,Jul 2023,2023-07-31 00:00:00.000000 UTC,Expense,Expense : IT,Expense,-401.54
3,Sep 2023,2023-09-30 00:00:00.000000 UTC,Expense,Expense : Marketing,Expense,-30206.15
3,Oct 2023,2023-10-31 00:00:00.000000 UTC,Expense,Expense : Paper Partnerships,Expense,-128.57
3,Jun 2023,2023-06-30 00:00:00.000000 UTC,Expense,Expense : Paper Partnerships,Expense,-83.7
3,Jun 2023,2023-06-30 00:00:00.000000 UTC,Expense,Expense : Finance,Expense,-1305.96
3,Aug 2023,2023-08-31 00:00:00.000000 UTC,Expense,Expense : Finance,Expense,-1532.73
3,Oct 2023,2023-10-31 00:00:00.000000 UTC,Expense,Expense : Finance,Expense,-181.92
3,Sep 2023,2023-09-30 00:00:00.000000 UTC,Expense,Expense : Finance,Expense,-576.63
3,Jul 2023,2023-07-31 00:00:00.000000 UTC,Expense,Expense : Finance,Expense,-166.02
3,Jun 2023,2023-06-30 00:00:00.000000 UTC,Expense,Expense : Legal,Expense,-1359.55
3,Oct 2023,2023-10-31 00:00:00.000000 UTC,Expense,Expense : Legal,Expense,-1021.68
3,Jul 2023,2023-07-31 00:00:00.000000 UTC,Expense,Expense : People Operations,Expense,-137.73
3,May 2023,2023-05-31 00:00:00.000000 UTC,Expense,Expense : People Operations,Expense,-88.08
3,Jul 2023,2023-07-31 00:00:00.000000 UTC,Expense,Expense : Recruiting,Expense,-7.3
3,Aug 2023,2023-08-31 00:00:00.000000 UTC,Expense,Expense : Threat Level Midnight Production,Expense,-52228.05
3,Jun 2023,2023-06-30 00:00:00.000000 UTC,Expense,Expense : Travel and Entertainment,Expense,-31.31
3,Jun 2023,2023-06-30 00:00:00.000000 UTC,Expense,Expense : Intercompany Expenses,Expense,20
3,Oct 2023,2023-10-31 00:00:00.000000 UTC,Expense,Expense : Intercompany Expenses,Expense,34
3,Aug 2023,2023-08-31 00:00:00.000000 UTC,Expense,Expense : Bonus,Expense,-1011.01
3,Oct 2023,2023-10-31 00:00:00.000000 UTC,Expense,Expense : Office Expenses,Expense,-61.78
3,Aug 2023,2023-08-31 00:00:00.000000 UTC,Expense,Expense : Office Expenses,Expense,-298.41
3,May 2023,2023-05-31 00:00:00.000000 UTC,Expense,Expense : IT,Expense,-2788.2
3,Jul 2023,2023-07-31 00:00:00.000000 UTC,Expense,Expense : IT,Expense,-489.41
3,May 2023,2023-05-31 00:00:00.000000 UTC,Expense,Expense : Finance,Expense,-992.64
3,Jun 2023,2023-06-30 00:00:00.000000 UTC,Expense,Expense : Finance,Expense,-23.13
3,Jun 2023,2023-06-30 00:00:00.000000 UTC,Expense,Expense : Legal,Expense,-835.46
3,Jun 2023,2023-06-30 00:00:00.000000 UTC,Expense,Expense : Recruiting,Expense,3792.16
3,Jun 2023,2023-06-30 00:00:00.000000 UTC,Expense,Expense : Recruiting,Expense,-5829.11
3,Sep 2023,2023-09-30 00:00:00.000000 UTC,Expense,Expense : Threat Level Midnight Production,Expense,-26774.55
3,May 2023,2023-05-31 00:00:00.000000 UTC,Expense,Expense : Depreciation and Amortization,Expense,-1712.75
3,Oct 2023,2023-10-31 00:00:00.000000 UTC,Expense,Expense : Payroll,Expense,-5531
3,Aug 2023,2023-08-31 00:00:00.000000 UTC,Expense,Expense : Benefits,Expense,-21.02
3,Jul 2023,2023-07-31 00:00:00.000000 UTC,Expense,Expense : Warehouse Facilities,Expense,-857.4
3,Jul 2023,2023-07-31 00:00:00.000000 UTC,Expense,Expense : Office Expenses,Expense,-2429.63
3,May 2023,2023-05-31 00:00:00.000000 UTC,Expense,Expense : Office Expenses,Expense,-359.33
3,Sep 2023,2023-09-30 00:00:00.000000 UTC,Expense,Expense : Marketing,Expense,-864.34
3,Sep 2023,2023-09-30 00:00:00.000000 UTC,Expense,Expense : Finance,Expense,-16.73
3,Sep 2023,2023-09-30 00:00:00.000000 UTC,Expense,Expense : Finance,Expense,-21591.21
3,Sep 2023,2023-09-30 00:00:00.000000 UTC,Expense,Expense : Legal,Expense,-17133.1
3,Oct 2023,2023-10-31 00:00:00.000000 UTC,Expense,Expense : Legal,Expense,-6539.13
3,Jul 2023,2023-07-31 00:00:00.000000 UTC,Expense,Expense : Legal,Expense,-121.08
3,Jun 2023,2023-06-30 00:00:00.000000 UTC,Expense,Expense : Legal,Expense,-778.41
3,May 2023,2023-05-31 00:00:00.000000 UTC,Expense,Expense : Legal,Expense,-1714.48
3,Jul 2023,2023-07-31 00:00:00.000000 UTC,Expense,Expense : Jim's Pranks,Expense,-5108.81
3,Sep 2023,2023-09-30 00:00:00.000000 UTC,Expense,Expense : Intercompany Expenses,Expense,51
3,May 2023,2023-05-31 00:00:00.000000 UTC,Expense,Expense : Office Expenses,Expense,-1729.16
3,Jun 2023,2023-06-30 00:00:00.000000 UTC,Expense,Expense : Marketing,Expense,-143.59
3,Jul 2023,2023-07-31 00:00:00.000000 UTC,Expense,Expense : Marketing,Expense,-1348.29
3,Sep 2023,2023-09-30 00:00:00.000000 UTC,Expense,Expense : Recruiting,Expense,-1724.84
3,Jul 2023,2023-07-31 00:00:00.000000 UTC,Expense,Expense : Threat Level Midnight Production,Expense,-10417.44
3,Jun 2023,2023-06-30 00:00:00.000000 UTC,Expense,Expense : Threat Level Midnight Production,Expense,-37826.66
3,Jun 2023,2023-06-30 00:00:00.000000 UTC,Expense,Expense : Depreciation and Amortization,Expense,-2379.35
3,Oct 2023,2023-10-31 00:00:00.000000 UTC,Expense,Expense : Bonus,Expense,-18439.81
3,May 2023,2023-05-31 00:00:00.000000 UTC,Expense,Expense : Marketing,Expense,-509.2
3,Aug 2023,2023-08-31 00:00:00.000000 UTC,Expense,Expense : Marketing,Expense,-91.37
3,May 2023,2023-05-31 00:00:00.000000 UTC,Expense,Expense : Paper Partnerships,Expense,-1290.48
3,May 2023,2023-05-31 00:00:00.000000 UTC,Expense,Expense : Paper Partnerships,Expense,-88.26
3,Aug 2023,2023-08-31 00:00:00.000000 UTC,Expense,Expense : Legal,Expense,-1134.4
3,Sep 2023,2023-09-30 00:00:00.000000 UTC,Expense,Expense : People Operations,Expense,-363.08
3,Sep 2023,2023-09-30 00:00:00.000000 UTC,Expense,Expense : Recruiting,Expense,-296.64
3,Sep 2023,2023-09-30 00:00:00.000000 UTC,Expense,Expense : Jim's Pranks,Expense,-2040.98
3,Aug 2023,2023-08-31 00:00:00.000000 UTC,Expense,Expense : Intercompany Expenses,Expense,48
3,Aug 2023,2023-08-31 00:00:00.000000 UTC,Expense,Expense : Payroll,Expense,-7042.29
3,Jul 2023,2023-07-31 00:00:00.000000 UTC,Expense,Expense : Finance,Expense,-375.64
3,May 2023,2023-05-31 00:00:00.000000 UTC,Expense,Expense : Legal,Expense,-1120.87
3,Oct 2023,2023-10-31 00:00:00.000000 UTC,Expense,Expense : Recruiting,Expense,-21114.6
3,Sep 2023,2023-09-30 00:00:00.000000 UTC,Expense,Expense : Benefits,Expense,-20.6
3,Oct 2023,2023-10-31 00:00:00.000000 UTC,Expense,Expense : Office Expenses,Expense,-157.39
3,Aug 2023,2023-08-31 00:00:00.000000 UTC,Expense,Expense : Office Expenses,Expense,-74.38
3,Jul 2023,2023-07-31 00:00:00.000000 UTC,Expense,Expense : Paper Partnerships,Expense,-182.19
3,Oct 2023,2023-10-31 00:00:00.000000 UTC,Expense,Expense : Paper Partnerships,Expense,370.5
3,May 2023,2023-05-31 00:00:00.000000 UTC,Expense,Expense : Legal,Expense,130.36
3,Sep 2023,2023-09-30 00:00:00.000000 UTC,Expense,Expense : Legal,Expense,21.91
3,Oct 2023,2023-10-31 00:00:00.000000 UTC,Expense,Expense : Legal,Expense,-2491.83
3,Sep 2023,2023-09-30 00:00:00.000000 UTC,Expense,Expense : Legal,Expense,-2347.56
3,Jul 2023,2023-07-31 00:00:00.000000 UTC,Expense,Expense : Recruiting,Expense,-12221.46
3,May 2023,2023-05-31 00:00:00.000000 UTC,Expense,Expense : Recruiting,Expense,-712.67
3,May 2023,2023-05-31 00:00:00.000000 UTC,Expense,Expense : Threat Level Midnight Production,Expense,-31281.76
3,Oct 2023,2023-10-31 00:00:00.000000 UTC,Expense,Expense : Jim's Pranks,Expense,-2650.24
3,Sep 2023,2023-09-30 00:00:00.000000 UTC,Expense,Expense : Payroll,Expense,-9512.69
3,May 2023,2023-05-31 00:00:00.000000 UTC,Expense,Expense : Office Expenses,Expense,-109
3,May 2023,2023-05-31 00:00:00.000000 UTC,Expense,Expense : IT,Expense,-617.82
3,Aug 2023,2023-08-31 00:00:00.000000 UTC,Expense,Expense : Marketing,Expense,-35142.58
3,Jul 2023,2023-07-31 00:00:00.000000 UTC,Expense,Expense : Legal,Expense,-425.72
3,Oct 2023,2023-10-31 00:00:00.000000 UTC,Expense,Expense : Payroll,Expense,-1874.06
3,Oct 2023,2023-10-31 00:00:00.000000 UTC,Expense,Expense : Paper Sales Commissions,Expense,-13876.15
3,Oct 2023,2023-10-31 00:00:00.000000 UTC,Expense,Expense : Marketing,Expense,-515.68
3,Sep 2023,2023-09-30 00:00:00.000000 UTC,Expense,Expense : Paper Partnerships,Expense,-186.71
3,Oct 2023,2023-10-31 00:00:00.000000 UTC,Expense,Expense : Finance,Expense,-2151.62
3,Jun 2023,2023-06-30 00:00:00.000000 UTC,Expense,Expense : Payroll,Expense,-4671.5
3,Sep 2023,2023-09-30 00:00:00.000000 UTC,Expense,Expense : Payroll,Expense,-7940.69
3,Jul 2023,2023-07-31 00:00:00.000000 UTC,Expense,Expense : Office Expenses,Expense,-22.62
3,Sep 2023,2023-09-30 00:00:00.000000 UTC,Expense,Expense : Paper Partnerships,Expense,-473.03
3,Jul 2023,2023-07-31 00:00:00.000000 UTC,Expense,Expense : Paper Partnerships,Expense,-38.76
4,May 2023,2023-05-31 00:00:00.000000 UTC,Income,Other Income : Interest Income,Other Income,5829.6
4,Jul 2023,2023-07-31 00:00:00.000000 UTC,Income,Other Income : Other Income,Other Income,0.03
4,Aug 2023,2023-08-31 00:00:00.000000 UTC,Income,Other Income : Other Income,Other Income,104.73
4,Aug 2023,2023-08-31 00:00:00.000000 UTC,Income,Other Income : Interest Income,Other Income,14308.86
4,May 2023,2023-05-31 00:00:00.000000 UTC,Income,Other Income : Other Income,Other Income,0.01
4,May 2023,2023-05-31 00:00:00.000000 UTC,Income,Other Income : Referral Income,Other Income,4127.85
4,Jun 2023,2023-06-30 00:00:00.000000 UTC,Income,Other Income : Other Income,Other Income,10
4,Jul 2023,2023-07-31 00:00:00.000000 UTC,Income,Other Income : Interest Income,Other Income,8156.78
4,Jun 2023,2023-06-30 00:00:00.000000 UTC,Income,Other Income : Interest Income,Other Income,10909.4
4,Sep 2023,2023-09-30 00:00:00.000000 UTC,Income,Other Income : Cash Back and Rewards,Other Income,12.78
4,Oct 2023,2023-10-31 00:00:00.000000 UTC,Income,Other Income : Cash Back and Rewards,Other Income,87.12
4,Sep 2023,2023-09-30 00:00:00.000000 UTC,Income,Other Income : Interest Income,Other Income,926.58
4,Oct 2023,2023-10-31 00:00:00.000000 UTC,Income,Other Income : Interest Income,Other Income,2495.36
4,Aug 2023,2023-08-31 00:00:00.000000 UTC,Income,Other Income : Referral Income,Other Income,136.93
4,Oct 2023,2023-10-31 00:00:00.000000 UTC,Income,Other Income : Referral Income,Other Income,1342.27
4,Oct 2023,2023-10-31 00:00:00.000000 UTC,Income,Other Income : Other Income,Other Income,15
5,Oct 2023,2023-10-31 00:00:00.000000 UTC,Expense,Other Expense : Dwight's Adventures,Other Expense,3902.53
5,Jul 2023,2023-07-31 00:00:00.000000 UTC,Expense,Other Expense : Dwight's Adventures,Other Expense,-886.53
5,Sep 2023,2023-09-30 00:00:00.000000 UTC,Expense,Other Expense : Dwight's Adventures,Other Expense,-3853.48
5,Aug 2023,2023-08-31 00:00:00.000000 UTC,Expense,Other Expense : Dwight's Adventures,Other Expense,-11805.79
5,Jun 2023,2023-06-30 00:00:00.000000 UTC,Expense,Other Expense : Dwight's Adventures,Other Expense,-152.2
5,May 2023,2023-05-31 00:00:00.000000 UTC,Expense,Other Expense : Dwight's Adventures,Other Expense,-340.78
5,Jul 2023,2023-07-31 00:00:00.000000 UTC,Expense,Other Expense : Dwight's Adventures,Other Expense,0.01
5,Jul 2023,2023-07-31 00:00:00.000000 UTC,Expense,Other Expense : Rounding,Other Expense,74
5,Jul 2023,2023-07-31 00:00:00.000000 UTC,Expense,Other Expense: Keleven,Other Expense,-15884.37
5,Oct 2023,2023-10-31 00:00:00.000000 UTC,Expense,Other Expense: Keleven,Other Expense,97
5,May 2023,2023-05-31 00:00:00.000000 UTC,Expense,Other Expense: Keleven,Other Expense,-1682.66
5,Aug 2023,2023-08-31 00:00:00.000000 UTC,Expense,Other Expense: Keleven,Other Expense,-1005.82
5,Sep 2023,2023-09-30 00:00:00.000000 UTC,Expense,Other Expense: Keleven,Other Expense,-218.91
5,Oct 2023,2023-10-31 00:00:00.000000 UTC,Expense,Other Expense: Keleven,Other Expense,-105.24
5,Jun 2023,2023-06-30 00:00:00.000000 UTC,Expense,Other Expense: Keleven,Other Expense,22
5,Jun 2023,2023-06-30 00:00:00.000000 UTC,Expense,Other Expense: Keleven,Other Expense,10408.1
5,Oct 2023,2023-10-31 00:00:00.000000 UTC,Expense,Other Expense : Rounding,Other Expense,-0.16